,name,fit,delta_su2,logGBF,chi2/df,Q,vol corr,L_4,L_5,A_a,A_k,A_p,A_loga
0,ma_nnlo_alphaS_logSq,1.1839(36),-0.00205(19),57.71460045,1.674450743,0.043862927,0,,-0.00005(57),0.2(2.8),-0.9(2.4),1.47(44),1.3(4.2)
1,ma_nlo,1.1915(13),-0.00227(17),38.15755149,5.024327338,1.42E-10,0,,0.0003616(67),,,,
2,ma_nnlo,1.1796(23),-0.00193(16),54.822448,2.058231048,0.007545711,0,,0.00032(56),1.14(40),-0.5(2.4),1.14(44),
