,name,FK/Fpi,delta_su2,logGBF,chi2/df,Q,vol,L_4,L_5,L_1,L_2,L_3,L_6,L_7,L_8,L_9,A_a,A_k,A_p,A_loga,A_aa
0,ma_FKFK_nnlo,1.1798(18),-0.00380(68),57.52458949012759,2.094833890979348,0.006306792799679778,0,-0.00169(14),0.000479(87),,,,,,,,0.47(24),3e-09 +- 8.9e-05,-5e-09 +- 8.9e-05,,
1,ma_FKFK_nnlo_a4,1.1807(15),-0.00382(68),57.959049303268095,2.0287129684326892,0.008708531394921379,0,-0.00168(14),0.000500(86),,,,,,,,5e-09 +- 8.2e-05,2e-10 +- 3.5e-05,-4e-10 +- 3.5e-05,,6.6(3.0)
2,ma_FKFK_nnlo_logSq,1.1766(18),-0.00371(68),51.47466443983154,2.7416046656591204,0.0002067396733670561,0,-0.0022(17),-0.00063(32),,,,,,,,3e-09 +- 7.4e-05,2.3(3.2),-3.2(1.8),,
3,ma_FKFK_nnlo_logSq_a4,1.1766(18),-0.00371(68),51.47465738955815,2.741480359364505,0.0002068834383447464,0,-0.0022(17),-0.00063(32),,,,,,,,2e-08 +- 0.00021,2.3(3.2),-3.2(1.8),,0.0001(435)
